Θユら戳,ユ澄る,Θユ啥,}L基,程蔼基,程C基,ΜL基,Θユq
20200211,202002     ,84600,11625.0,11646.0,11623.0,11642.0,5480
20200211,202002     ,84700,11643.0,11652.0,11639.0,11652.0,2720
20200211,202002     ,84800,11651.0,11653.0,11646.0,11648.0,1484
20200211,202002     ,84900,11648.0,11649.0,11641.0,11644.0,1136
20200211,202002     ,85000,11644.0,11645.0,11640.0,11643.0,642
20200211,202002     ,85100,11644.0,11644.0,11634.0,11639.0,1654
20200211,202002     ,85200,11639.0,11642.0,11635.0,11639.0,570
20200211,202002     ,85300,11639.0,11639.0,11634.0,11637.0,368
20200211,202002     ,85400,11636.0,11640.0,11635.0,11638.0,406
20200211,202002     ,85500,11637.0,11638.0,11635.0,11636.0,328
20200211,202002     ,85600,11636.0,11637.0,11628.0,11633.0,1542
20200211,202002     ,85700,11633.0,11640.0,11632.0,11637.0,926
20200211,202002     ,85801,11637.0,11639.0,11635.0,11636.0,396
20200211,202002     ,85900,11637.0,11637.0,11631.0,11634.0,696
20200211,202002     ,90000,11633.0,11634.0,11630.0,11632.0,590
20200211,202002     ,90100,11632.0,11635.0,11620.0,11629.0,3112
20200211,202002     ,90200,11629.0,11635.0,11620.0,11630.0,1582
20200211,202002     ,90300,11629.0,11638.0,11626.0,11638.0,1508
20200211,202002     ,90400,11638.0,11642.0,11634.0,11635.0,1514
20200211,202002     ,90500,11634.0,11638.0,11632.0,11638.0,1190
20200211,202002     ,90600,11638.0,11641.0,11629.0,11630.0,1490
20200211,202002     ,90700,11630.0,11631.0,11613.0,11621.0,3760
20200211,202002     ,90800,11621.0,11625.0,11615.0,11617.0,1456
20200211,202002     ,90900,11617.0,11628.0,11613.0,11628.0,1952
20200211,202002     ,91000,11628.0,11628.0,11620.0,11626.0,796
20200211,202002     ,91100,11626.0,11634.0,11626.0,11627.0,1268
20200211,202002     ,91200,11628.0,11636.0,11624.0,11634.0,1202
20200211,202002     ,91300,11634.0,11635.0,11626.0,11629.0,800
20200211,202002     ,91400,11629.0,11631.0,11619.0,11622.0,958
20200211,202002     ,91500,11622.0,11633.0,11622.0,11633.0,1064
20200211,202002     ,91600,11631.0,11636.0,11627.0,11636.0,1378
20200211,202002     ,91700,11636.0,11649.0,11636.0,11644.0,4072
20200211,202002     ,91800,11644.0,11647.0,11639.0,11647.0,1290
20200211,202002     ,91900,11647.0,11660.0,11647.0,11659.0,4380
20200211,202002     ,92000,11659.0,11663.0,11654.0,11660.0,2320
20200211,202002     ,92100,11660.0,11663.0,11654.0,11660.0,1734
20200211,202002     ,92200,11660.0,11661.0,11650.0,11656.0,1566
20200211,202002     ,92300,11657.0,11661.0,11645.0,11649.0,1862
20200211,202002     ,92400,11647.0,11650.0,11641.0,11644.0,1428
20200211,202002     ,92500,11644.0,11649.0,11643.0,11645.0,830
20200211,202002     ,92600,11645.0,11647.0,11641.0,11643.0,730
20200211,202002     ,92700,11644.0,11645.0,11641.0,11642.0,414
20200211,202002     ,92800,11642.0,11648.0,11633.0,11639.0,1968
20200211,202002     ,92900,11640.0,11641.0,11635.0,11641.0,878
20200211,202002     ,93000,11640.0,11640.0,11635.0,11635.0,500
20200211,202002     ,93100,11636.0,11645.0,11632.0,11641.0,1584
20200211,202002     ,93200,11641.0,11650.0,11640.0,11647.0,1142
20200211,202002     ,93300,11646.0,11655.0,11645.0,11647.0,1030
20200211,202002     ,93400,11646.0,11646.0,11638.0,11641.0,1002
20200211,202002     ,93500,11642.0,11644.0,11634.0,11636.0,934
20200211,202002     ,93600,11637.0,11639.0,11635.0,11637.0,496
20200211,202002     ,93700,11637.0,11645.0,11635.0,11635.0,704
20200211,202002     ,93800,11635.0,11640.0,11631.0,11640.0,1428
20200211,202002     ,93901,11640.0,11649.0,11639.0,11646.0,1166
20200211,202002     ,94000,11648.0,11649.0,11644.0,11647.0,506
20200211,202002     ,94100,11647.0,11659.0,11646.0,11656.0,2096
20200211,202002     ,94200,11656.0,11658.0,11648.0,11655.0,726
20200211,202002     ,94300,11655.0,11656.0,11651.0,11653.0,554
20200211,202002     ,94400,11653.0,11655.0,11646.0,11647.0,518
20200211,202002     ,94500,11646.0,11655.0,11646.0,11653.0,700
20200211,202002     ,94600,11654.0,11665.0,11653.0,11663.0,3492
20200211,202002     ,94700,11663.0,11665.0,11655.0,11655.0,1192
20200211,202002     ,94801,11655.0,11660.0,11654.0,11660.0,464
20200211,202002     ,94900,11659.0,11673.0,11658.0,11663.0,3238
20200211,202002     ,95000,11662.0,11664.0,11647.0,11651.0,1668
20200211,202002     ,95100,11649.0,11654.0,11645.0,11652.0,1372
20200211,202002     ,95200,11652.0,11664.0,11650.0,11659.0,1616
20200211,202002     ,95300,11658.0,11660.0,11656.0,11659.0,348
20200211,202002     ,95401,11657.0,11663.0,11657.0,11660.0,878
20200211,202002     ,95500,11660.0,11663.0,11657.0,11659.0,408
20200211,202002     ,95602,11660.0,11667.0,11660.0,11661.0,1018
20200211,202002     ,95700,11661.0,11661.0,11658.0,11658.0,310
20200211,202002     ,95800,11658.0,11661.0,11655.0,11661.0,508
20200211,202002     ,95900,11660.0,11666.0,11660.0,11662.0,652
20200211,202002     ,100000,11661.0,11663.0,11659.0,11661.0,360
20200211,202002     ,100103,11661.0,11666.0,11657.0,11664.0,696
20200211,202002     ,100201,11664.0,11668.0,11664.0,11665.0,770
20200211,202002     ,100300,11665.0,11666.0,11662.0,11663.0,304
20200211,202002     ,100401,11663.0,11666.0,11663.0,11663.0,560
20200211,202002     ,100500,11663.0,11667.0,11663.0,11667.0,474
20200211,202002     ,100600,11667.0,11670.0,11666.0,11670.0,1026
20200211,202002     ,100700,11668.0,11670.0,11662.0,11663.0,782
20200211,202002     ,100800,11663.0,11666.0,11662.0,11662.0,324
20200211,202002     ,100900,11663.0,11669.0,11663.0,11667.0,390
20200211,202002     ,101000,11668.0,11669.0,11666.0,11666.0,276
20200211,202002     ,101100,11666.0,11668.0,11662.0,11664.0,396
20200211,202002     ,101200,11664.0,11667.0,11664.0,11665.0,244
20200211,202002     ,101300,11666.0,11667.0,11664.0,11665.0,258
20200211,202002     ,101402,11665.0,11666.0,11661.0,11661.0,412
20200211,202002     ,101500,11662.0,11664.0,11661.0,11663.0,254
20200211,202002     ,101603,11663.0,11666.0,11661.0,11662.0,448
20200211,202002     ,101700,11662.0,11666.0,11662.0,11665.0,342
20200211,202002     ,101800,11664.0,11670.0,11664.0,11667.0,664
20200211,202002     ,101900,11668.0,11670.0,11668.0,11670.0,286
20200211,202002     ,102000,11670.0,11672.0,11669.0,11669.0,606
20200211,202002     ,102100,11669.0,11675.0,11669.0,11673.0,1448
20200211,202002     ,102200,11673.0,11675.0,11668.0,11671.0,822
20200211,202002     ,102300,11671.0,11671.0,11669.0,11669.0,154
20200211,202002     ,102400,11670.0,11673.0,11669.0,11670.0,340
20200211,202002     ,102500,11672.0,11675.0,11670.0,11671.0,778
20200211,202002     ,102600,11670.0,11672.0,11664.0,11664.0,970
20200211,202002     ,102700,11665.0,11666.0,11663.0,11663.0,308
20200211,202002     ,102800,11663.0,11664.0,11660.0,11661.0,628
20200211,202002     ,102900,11660.0,11664.0,11660.0,11663.0,276
20200211,202002     ,103005,11663.0,11665.0,11661.0,11663.0,306
20200211,202002     ,103101,11664.0,11665.0,11662.0,11664.0,370
20200211,202002     ,103200,11664.0,11667.0,11663.0,11667.0,448
20200211,202002     ,103300,11666.0,11667.0,11665.0,11667.0,162
20200211,202002     ,103400,11666.0,11671.0,11666.0,11670.0,710
20200211,202002     ,103500,11670.0,11672.0,11667.0,11668.0,606
20200211,202002     ,103600,11668.0,11673.0,11666.0,11670.0,672
20200211,202002     ,103701,11670.0,11673.0,11670.0,11672.0,320
20200211,202002     ,103801,11673.0,11674.0,11671.0,11674.0,374
20200211,202002     ,103900,11673.0,11676.0,11673.0,11676.0,942
20200211,202002     ,104000,11676.0,11677.0,11672.0,11675.0,612
20200211,202002     ,104100,11675.0,11677.0,11674.0,11677.0,410
20200211,202002     ,104200,11677.0,11683.0,11677.0,11682.0,1640
20200211,202002     ,104300,11683.0,11684.0,11680.0,11683.0,726
20200211,202002     ,104400,11683.0,11687.0,11682.0,11687.0,1058
20200211,202002     ,104500,11686.0,11688.0,11685.0,11686.0,726
20200211,202002     ,104600,11687.0,11689.0,11680.0,11684.0,1404
20200211,202002     ,104700,11683.0,11685.0,11682.0,11683.0,508
20200211,202002     ,104800,11683.0,11684.0,11682.0,11683.0,306
20200211,202002     ,104900,11683.0,11685.0,11681.0,11682.0,462
20200211,202002     ,105000,11681.0,11682.0,11679.0,11679.0,432
20200211,202002     ,105100,11679.0,11683.0,11679.0,11683.0,344
20200211,202002     ,105200,11683.0,11684.0,11679.0,11679.0,476
20200211,202002     ,105301,11679.0,11680.0,11678.0,11679.0,388
20200211,202002     ,105400,11679.0,11679.0,11677.0,11679.0,310
20200211,202002     ,105500,11679.0,11679.0,11676.0,11676.0,330
20200211,202002     ,105600,11676.0,11680.0,11675.0,11680.0,574
20200211,202002     ,105700,11679.0,11682.0,11679.0,11682.0,240
20200211,202002     ,105800,11681.0,11683.0,11680.0,11682.0,246
20200211,202002     ,105900,11682.0,11682.0,11680.0,11682.0,260
20200211,202002     ,110000,11680.0,11681.0,11676.0,11678.0,416
20200211,202002     ,110100,11678.0,11680.0,11675.0,11675.0,382
20200211,202002     ,110200,11675.0,11677.0,11673.0,11675.0,648
20200211,202002     ,110300,11676.0,11678.0,11675.0,11678.0,714
20200211,202002     ,110400,11678.0,11680.0,11677.0,11680.0,180
20200211,202002     ,110502,11680.0,11682.0,11680.0,11682.0,386
20200211,202002     ,110601,11681.0,11681.0,11678.0,11679.0,304
20200211,202002     ,110700,11677.0,11680.0,11677.0,11680.0,126
20200211,202002     ,110800,11679.0,11680.0,11678.0,11679.0,116
20200211,202002     ,110900,11679.0,11680.0,11677.0,11678.0,178
20200211,202002     ,111000,11677.0,11683.0,11677.0,11682.0,554
20200211,202002     ,111109,11682.0,11682.0,11679.0,11679.0,212
20200211,202002     ,111200,11679.0,11680.0,11679.0,11680.0,56
20200211,202002     ,111303,11680.0,11682.0,11680.0,11680.0,82
20200211,202002     ,111403,11680.0,11682.0,11680.0,11682.0,168
20200211,202002     ,111501,11682.0,11683.0,11681.0,11682.0,130
20200211,202002     ,111600,11682.0,11683.0,11679.0,11679.0,246
20200211,202002     ,111700,11679.0,11679.0,11672.0,11672.0,818
20200211,202002     ,111800,11671.0,11672.0,11667.0,11669.0,1256
20200211,202002     ,111900,11669.0,11672.0,11667.0,11671.0,536
20200211,202002     ,112000,11671.0,11675.0,11670.0,11675.0,378
20200211,202002     ,112101,11675.0,11675.0,11671.0,11672.0,300
20200211,202002     ,112200,11673.0,11675.0,11672.0,11675.0,202
20200211,202002     ,112300,11675.0,11677.0,11674.0,11677.0,254
20200211,202002     ,112400,11676.0,11678.0,11676.0,11678.0,96
20200211,202002     ,112500,11677.0,11678.0,11676.0,11678.0,236
20200211,202002     ,112603,11677.0,11679.0,11674.0,11675.0,352
20200211,202002     ,112700,11675.0,11677.0,11673.0,11673.0,282
20200211,202002     ,112803,11673.0,11673.0,11671.0,11672.0,240
20200211,202002     ,112901,11671.0,11673.0,11671.0,11671.0,86
20200211,202002     ,113000,11671.0,11672.0,11671.0,11672.0,120
20200211,202002     ,113103,11671.0,11675.0,11670.0,11673.0,182
20200211,202002     ,113200,11673.0,11674.0,11669.0,11671.0,292
20200211,202002     ,113301,11671.0,11672.0,11670.0,11672.0,74
20200211,202002     ,113402,11673.0,11673.0,11672.0,11673.0,92
20200211,202002     ,113501,11672.0,11673.0,11670.0,11672.0,138
20200211,202002     ,113600,11673.0,11673.0,11671.0,11672.0,114
20200211,202002     ,113700,11672.0,11673.0,11671.0,11673.0,152
20200211,202002     ,113800,11673.0,11673.0,11671.0,11672.0,168
20200211,202002     ,113900,11672.0,11674.0,11670.0,11670.0,376
20200211,202002     ,114000,11670.0,11671.0,11666.0,11667.0,666
20200211,202002     ,114106,11667.0,11669.0,11666.0,11668.0,212
20200211,202002     ,114200,11669.0,11672.0,11669.0,11672.0,208
20200211,202002     ,114301,11672.0,11672.0,11671.0,11672.0,40
20200211,202002     ,114400,11671.0,11673.0,11671.0,11672.0,114
20200211,202002     ,114500,11672.0,11674.0,11672.0,11674.0,122
20200211,202002     ,114604,11673.0,11674.0,11672.0,11673.0,214
20200211,202002     ,114700,11673.0,11673.0,11671.0,11671.0,154
20200211,202002     ,114800,11670.0,11675.0,11670.0,11674.0,210
20200211,202002     ,114903,11673.0,11674.0,11672.0,11672.0,74
20200211,202002     ,115008,11672.0,11672.0,11671.0,11671.0,114
20200211,202002     ,115104,11671.0,11673.0,11671.0,11672.0,76
20200211,202002     ,115202,11672.0,11672.0,11672.0,11672.0,50
20200211,202002     ,115303,11672.0,11677.0,11672.0,11676.0,406
20200211,202002     ,115400,11677.0,11678.0,11674.0,11675.0,306
20200211,202002     ,115500,11676.0,11677.0,11675.0,11676.0,284
20200211,202002     ,115601,11676.0,11678.0,11675.0,11677.0,358
20200211,202002     ,115705,11677.0,11677.0,11675.0,11676.0,112
20200211,202002     ,115810,11675.0,11676.0,11675.0,11675.0,88
20200211,202002     ,115900,11676.0,11677.0,11675.0,11677.0,112
20200211,202002     ,120002,11677.0,11680.0,11675.0,11676.0,572
20200211,202002     ,120100,11676.0,11677.0,11675.0,11677.0,68
20200211,202002     ,120201,11676.0,11678.0,11675.0,11677.0,130
20200211,202002     ,120300,11677.0,11681.0,11676.0,11680.0,538
20200211,202002     ,120400,11681.0,11683.0,11678.0,11680.0,564
20200211,202002     ,120511,11680.0,11681.0,11679.0,11680.0,146
20200211,202002     ,120602,11680.0,11680.0,11678.0,11679.0,168
20200211,202002     ,120701,11679.0,11679.0,11678.0,11678.0,70
20200211,202002     ,120800,11678.0,11678.0,11675.0,11676.0,216
20200211,202002     ,120904,11676.0,11678.0,11676.0,11677.0,94
20200211,202002     ,121000,11677.0,11678.0,11677.0,11677.0,38
20200211,202002     ,121101,11677.0,11678.0,11675.0,11676.0,124
20200211,202002     ,121200,11676.0,11676.0,11671.0,11671.0,374
20200211,202002     ,121302,11671.0,11671.0,11670.0,11671.0,228
20200211,202002     ,121402,11672.0,11674.0,11671.0,11674.0,172
20200211,202002     ,121500,11673.0,11674.0,11672.0,11672.0,62
20200211,202002     ,121601,11671.0,11672.0,11671.0,11672.0,96
20200211,202002     ,121701,11671.0,11672.0,11669.0,11670.0,258
20200211,202002     ,121800,11671.0,11672.0,11670.0,11672.0,328
20200211,202002     ,121900,11673.0,11673.0,11668.0,11669.0,220
20200211,202002     ,122000,11670.0,11670.0,11668.0,11669.0,222
20200211,202002     ,122100,11670.0,11670.0,11666.0,11667.0,450
20200211,202002     ,122202,11667.0,11668.0,11665.0,11667.0,374
20200211,202002     ,122302,11666.0,11668.0,11666.0,11667.0,198
20200211,202002     ,122400,11667.0,11670.0,11666.0,11669.0,292
20200211,202002     ,122502,11669.0,11669.0,11668.0,11669.0,134
20200211,202002     ,122601,11668.0,11668.0,11666.0,11666.0,288
20200211,202002     ,122700,11666.0,11667.0,11663.0,11665.0,758
20200211,202002     ,122802,11665.0,11666.0,11664.0,11665.0,254
20200211,202002     ,122904,11666.0,11667.0,11666.0,11667.0,90
20200211,202002     ,123000,11667.0,11668.0,11664.0,11664.0,330
20200211,202002     ,123100,11664.0,11665.0,11662.0,11663.0,474
20200211,202002     ,123200,11663.0,11668.0,11662.0,11666.0,454
20200211,202002     ,123300,11666.0,11667.0,11665.0,11665.0,212
20200211,202002     ,123400,11665.0,11665.0,11663.0,11663.0,116
20200211,202002     ,123500,11663.0,11663.0,11656.0,11658.0,1364
20200211,202002     ,123600,11658.0,11659.0,11656.0,11656.0,582
20200211,202002     ,123700,11657.0,11658.0,11655.0,11655.0,678
20200211,202002     ,123800,11655.0,11660.0,11654.0,11659.0,602
20200211,202002     ,123900,11658.0,11658.0,11656.0,11656.0,178
20200211,202002     ,124001,11658.0,11659.0,11657.0,11658.0,122
20200211,202002     ,124101,11659.0,11659.0,11658.0,11658.0,94
20200211,202002     ,124202,11658.0,11662.0,11658.0,11661.0,346
20200211,202002     ,124300,11661.0,11663.0,11660.0,11663.0,240
20200211,202002     ,124402,11662.0,11664.0,11661.0,11662.0,284
20200211,202002     ,124501,11661.0,11662.0,11660.0,11662.0,214
20200211,202002     ,124601,11661.0,11661.0,11658.0,11659.0,288
20200211,202002     ,124702,11659.0,11660.0,11658.0,11659.0,184
20200211,202002     ,124801,11659.0,11661.0,11659.0,11661.0,200
20200211,202002     ,124900,11661.0,11667.0,11661.0,11665.0,820
20200211,202002     ,125000,11664.0,11667.0,11664.0,11667.0,244
20200211,202002     ,125102,11667.0,11667.0,11665.0,11666.0,348
20200211,202002     ,125200,11667.0,11667.0,11665.0,11666.0,130
20200211,202002     ,125300,11666.0,11670.0,11666.0,11670.0,530
20200211,202002     ,125402,11670.0,11673.0,11667.0,11668.0,736
20200211,202002     ,125500,11668.0,11670.0,11668.0,11668.0,138
20200211,202002     ,125600,11669.0,11670.0,11663.0,11665.0,410
20200211,202002     ,125707,11666.0,11667.0,11666.0,11667.0,180
20200211,202002     ,125801,11666.0,11669.0,11666.0,11669.0,126
20200211,202002     ,125901,11669.0,11669.0,11665.0,11666.0,276
20200211,202002     ,130001,11667.0,11668.0,11666.0,11668.0,42
20200211,202002     ,130100,11667.0,11669.0,11665.0,11665.0,250
20200211,202002     ,130200,11664.0,11668.0,11663.0,11667.0,234
20200211,202002     ,130301,11667.0,11670.0,11666.0,11670.0,220
20200211,202002     ,130400,11670.0,11670.0,11666.0,11669.0,210
20200211,202002     ,130500,11669.0,11669.0,11667.0,11669.0,108
20200211,202002     ,130605,11668.0,11670.0,11666.0,11667.0,226
20200211,202002     ,130701,11666.0,11669.0,11666.0,11667.0,178
20200211,202002     ,130800,11668.0,11669.0,11666.0,11669.0,118
20200211,202002     ,130904,11667.0,11669.0,11666.0,11668.0,212
20200211,202002     ,131001,11668.0,11670.0,11667.0,11670.0,162
20200211,202002     ,131108,11670.0,11671.0,11668.0,11669.0,304
20200211,202002     ,131200,11669.0,11670.0,11668.0,11670.0,138
20200211,202002     ,131302,11669.0,11671.0,11669.0,11671.0,146
20200211,202002     ,131400,11671.0,11671.0,11670.0,11670.0,90
20200211,202002     ,131500,11670.0,11671.0,11670.0,11671.0,100
20200211,202002     ,131600,11670.0,11673.0,11670.0,11670.0,360
20200211,202002     ,131700,11671.0,11671.0,11669.0,11670.0,112
20200211,202002     ,131800,11670.0,11671.0,11669.0,11669.0,96
20200211,202002     ,131907,11669.0,11672.0,11669.0,11671.0,138
20200211,202002     ,132000,11672.0,11673.0,11671.0,11673.0,90
20200211,202002     ,132101,11673.0,11677.0,11672.0,11676.0,606
20200211,202002     ,132203,11675.0,11676.0,11673.0,11673.0,356
20200211,202002     ,132303,11673.0,11675.0,11673.0,11674.0,218
20200211,202002     ,132400,11674.0,11675.0,11673.0,11674.0,204
20200211,202002     ,132500,11674.0,11675.0,11670.0,11672.0,600
20200211,202002     ,132600,11673.0,11675.0,11666.0,11666.0,818
20200211,202002     ,132701,11666.0,11669.0,11664.0,11665.0,674
20200211,202002     ,132800,11666.0,11667.0,11665.0,11667.0,270
20200211,202002     ,132900,11667.0,11669.0,11665.0,11666.0,414
20200211,202002     ,133000,11666.0,11667.0,11661.0,11661.0,1106
20200211,202002     ,133102,11661.0,11663.0,11658.0,11662.0,1334
20200211,202002     ,133200,11661.0,11662.0,11659.0,11660.0,410
20200211,202002     ,133301,11659.0,11660.0,11658.0,11659.0,298
20200211,202002     ,133402,11659.0,11661.0,11658.0,11661.0,406
20200211,202002     ,133501,11660.0,11661.0,11659.0,11660.0,260
20200211,202002     ,133600,11660.0,11662.0,11659.0,11660.0,548
20200211,202002     ,133701,11661.0,11663.0,11660.0,11662.0,540
20200211,202002     ,133801,11663.0,11663.0,11661.0,11663.0,440
20200211,202002     ,133900,11663.0,11664.0,11661.0,11664.0,458
20200211,202002     ,134001,11663.0,11663.0,11660.0,11661.0,584
20200211,202002     ,134100,11662.0,11664.0,11660.0,11662.0,546
20200211,202002     ,134200,11663.0,11665.0,11662.0,11664.0,546
20200211,202002     ,134300,11662.0,11664.0,11662.0,11662.0,532
20200211,202002     ,134400,11663.0,11664.0,11662.0,11664.0,528
20200211,202003     ,84500,11664.0,11666.0,11663.0,11666.0,1424
20200211,202003     ,84606,11602.0,11625.0,11602.0,11621.0,130
20200211,202003     ,84700,11625.0,11632.0,11620.0,11632.0,100
20200211,202003     ,84801,11633.0,11634.0,11627.0,11629.0,56
20200211,202003     ,84920,11629.0,11629.0,11623.0,11627.0,36
20200211,202003     ,85009,11625.0,11625.0,11623.0,11624.0,8
20200211,202003     ,85112,11621.0,11622.0,11615.0,11620.0,34
20200211,202003     ,85203,11618.0,11622.0,11617.0,11622.0,18
20200211,202003     ,85322,11618.0,11618.0,11616.0,11616.0,12
20200211,202003     ,85412,11617.0,11620.0,11617.0,11620.0,22
20200211,202003     ,85506,11619.0,11619.0,11619.0,11619.0,4
20200211,202003     ,85602,11616.0,11616.0,11609.0,11615.0,54
20200211,202003     ,85710,11615.0,11620.0,11615.0,11618.0,38
20200211,202003     ,85815,11618.0,11618.0,11617.0,11617.0,8
20200211,202003     ,85917,11616.0,11617.0,11612.0,11612.0,10
20200211,202003     ,90001,11611.0,11612.0,11611.0,11612.0,6
20200211,202003     ,90102,11610.0,11611.0,11602.0,11608.0,24
20200211,202003     ,90202,11609.0,11611.0,11603.0,11611.0,16
20200211,202003     ,90326,11610.0,11617.0,11610.0,11617.0,10
20200211,202003     ,90400,11620.0,11624.0,11620.0,11622.0,10
20200211,202003     ,90501,11615.0,11618.0,11613.0,11618.0,14
20200211,202003     ,90601,11620.0,11621.0,11612.0,11612.0,24
20200211,202003     ,90701,11611.0,11611.0,11597.0,11603.0,88
20200211,202003     ,90810,11601.0,11603.0,11598.0,11600.0,44
20200211,202003     ,90906,11597.0,11607.0,11596.0,11607.0,48
20200211,202003     ,91001,11606.0,11609.0,11604.0,11607.0,18
20200211,202003     ,91115,11610.0,11611.0,11609.0,11609.0,16
20200211,202003     ,91200,11611.0,11616.0,11611.0,11615.0,22
20200211,202003     ,91317,11615.0,11615.0,11608.0,11608.0,10
20200211,202003     ,91408,11605.0,11606.0,11601.0,11601.0,24
20200211,202003     ,91505,11604.0,11613.0,11604.0,11613.0,26
20200211,202003     ,91600,11613.0,11616.0,11613.0,11616.0,18
20200211,202003     ,91736,11617.0,11628.0,11617.0,11628.0,84
20200211,202003     ,91800,11623.0,11626.0,11623.0,11626.0,22
20200211,202003     ,91900,11628.0,11640.0,11628.0,11639.0,106
20200211,202003     ,92002,11640.0,11643.0,11638.0,11639.0,40
20200211,202003     ,92124,11641.0,11643.0,11638.0,11641.0,26
20200211,202003     ,92222,11638.0,11638.0,11631.0,11635.0,24
20200211,202003     ,92300,11640.0,11641.0,11630.0,11630.0,16
20200211,202003     ,92409,11630.0,11630.0,11625.0,11626.0,24
20200211,202003     ,92502,11630.0,11630.0,11626.0,11626.0,16
20200211,202003     ,92655,11626.0,11628.0,11624.0,11625.0,28
20200211,202003     ,92708,11625.0,11625.0,11625.0,11625.0,2
20200211,202003     ,92819,11625.0,11627.0,11615.0,11617.0,38
20200211,202003     ,92909,11618.0,11622.0,11618.0,11620.0,6
20200211,202003     ,93004,11621.0,11621.0,11618.0,11618.0,6
20200211,202003     ,93104,11617.0,11626.0,11615.0,11626.0,12
20200211,202003     ,93211,11624.0,11630.0,11624.0,11628.0,22
20200211,202003     ,93305,11631.0,11632.0,11630.0,11630.0,18
20200211,202003     ,93426,11624.0,11624.0,11619.0,11621.0,12
20200211,202003     ,93516,11620.0,11620.0,11617.0,11617.0,10
20200211,202003     ,93611,11618.0,11618.0,11617.0,11617.0,6
20200211,202003     ,93703,11622.0,11625.0,11615.0,11615.0,12
20200211,202003     ,93805,11614.0,11620.0,11613.0,11620.0,10
20200211,202003     ,94003,11622.0,11625.0,11622.0,11625.0,102
20200211,202003     ,94116,11627.0,11639.0,11627.0,11637.0,72
20200211,202003     ,94213,11636.0,11636.0,11631.0,11634.0,8
20200211,202003     ,94306,11636.0,11636.0,11632.0,11635.0,16
20200211,202003     ,94450,11632.0,11632.0,11627.0,11628.0,8
20200211,202003     ,94500,11632.0,11633.0,11632.0,11633.0,4
20200211,202003     ,94602,11635.0,11645.0,11634.0,11643.0,60
20200211,202003     ,94724,11643.0,11645.0,11641.0,11641.0,18
20200211,202003     ,94801,11639.0,11639.0,11638.0,11638.0,10
20200211,202003     ,94904,11640.0,11652.0,11640.0,11652.0,98
20200211,202003     ,95006,11645.0,11645.0,11627.0,11629.0,30
20200211,202003     ,95102,11632.0,11632.0,11626.0,11630.0,12
20200211,202003     ,95233,11633.0,11640.0,11633.0,11637.0,26
20200211,202003     ,95304,11638.0,11638.0,11637.0,11637.0,6
20200211,202003     ,95402,11638.0,11640.0,11638.0,11640.0,10
20200211,202003     ,95500,11640.0,11640.0,11637.0,11637.0,4
20200211,202003     ,95641,11640.0,11646.0,11640.0,11642.0,20
20200211,202003     ,95725,11638.0,11638.0,11636.0,11636.0,4
20200211,202003     ,95804,11636.0,11636.0,11636.0,11636.0,4
20200211,202003     ,95916,11641.0,11644.0,11641.0,11644.0,4
20200211,202003     ,100007,11643.0,11643.0,11643.0,11643.0,2
20200211,202003     ,100105,11638.0,11643.0,11638.0,11643.0,10
20200211,202003     ,100200,11643.0,11645.0,11643.0,11645.0,4
20200211,202003     ,100308,11645.0,11645.0,11641.0,11641.0,6
20200211,202003     ,100407,11644.0,11644.0,11644.0,11644.0,4
20200211,202003     ,100500,11644.0,11646.0,11643.0,11643.0,6
20200211,202003     ,100600,11647.0,11648.0,11647.0,11647.0,30
20200211,202003     ,100811,11649.0,11649.0,11645.0,11646.0,8
20200211,202003     ,100916,11646.0,11649.0,11646.0,11646.0,12
20200211,202003     ,101043,11648.0,11648.0,11646.0,11646.0,16
20200211,202003     ,101133,11643.0,11643.0,11642.0,11642.0,4
20200211,202003     ,101339,11644.0,11644.0,11644.0,11644.0,2
20200211,202003     ,101415,11642.0,11642.0,11642.0,11642.0,4
20200211,202003     ,101500,11642.0,11644.0,11642.0,11643.0,26
20200211,202003     ,101638,11643.0,11645.0,11643.0,11645.0,4
20200211,202003     ,101706,11641.0,11641.0,11641.0,11641.0,2
20200211,202003     ,101900,11645.0,11649.0,11645.0,11649.0,12
20200211,202003     ,102008,11649.0,11650.0,11649.0,11650.0,42
20200211,202003     ,102118,11650.0,11654.0,11650.0,11652.0,54
20200211,202003     ,102236,11654.0,11654.0,11649.0,11649.0,28
20200211,202003     ,102301,11649.0,11649.0,11649.0,11649.0,10
20200211,202003     ,102401,11649.0,11652.0,11649.0,11651.0,24
20200211,202003     ,102520,11652.0,11654.0,11651.0,11654.0,24
20200211,202003     ,102702,11649.0,11649.0,11646.0,11648.0,6
20200211,202003     ,102808,11643.0,11643.0,11641.0,11641.0,18
20200211,202003     ,102906,11642.0,11642.0,11642.0,11642.0,6
20200211,202003     ,103046,11642.0,11642.0,11642.0,11642.0,4
20200211,202003     ,103106,11643.0,11643.0,11643.0,11643.0,6
20200211,202003     ,103258,11645.0,11645.0,11643.0,11645.0,8
20200211,202003     ,103307,11645.0,11645.0,11645.0,11645.0,2
20200211,202003     ,103432,11649.0,11650.0,11649.0,11649.0,6
20200211,202003     ,103523,11650.0,11651.0,11650.0,11651.0,10
20200211,202003     ,103616,11649.0,11652.0,11649.0,11652.0,14
20200211,202003     ,103705,11651.0,11652.0,11651.0,11652.0,8
20200211,202003     ,103802,11652.0,11653.0,11652.0,11653.0,8
20200211,202003     ,103911,11654.0,11656.0,11654.0,11655.0,50
20200211,202003     ,104014,11655.0,11655.0,11652.0,11652.0,6
20200211,202003     ,104101,11653.0,11653.0,11653.0,11653.0,2
20200211,202003     ,104200,11657.0,11662.0,11657.0,11662.0,80
20200211,202003     ,104300,11663.0,11663.0,11662.0,11662.0,6
20200211,202003     ,104400,11661.0,11666.0,11661.0,11666.0,30
20200211,202003     ,104501,11664.0,11667.0,11664.0,11666.0,44
20200211,202003     ,104609,11667.0,11668.0,11659.0,11659.0,44
20200211,202003     ,104809,11662.0,11663.0,11661.0,11663.0,18
20200211,202003     ,104928,11663.0,11663.0,11661.0,11661.0,4
20200211,202003     ,105100,11660.0,11660.0,11659.0,11659.0,20
20200211,202003     ,105219,11663.0,11663.0,11659.0,11659.0,16
20200211,202003     ,105302,11658.0,11659.0,11657.0,11659.0,8
20200211,202003     ,105506,11658.0,11658.0,11657.0,11657.0,44
20200211,202003     ,105649,11655.0,11658.0,11655.0,11657.0,24
20200211,202003     ,105728,11660.0,11661.0,11660.0,11661.0,4
20200211,202003     ,105803,11660.0,11660.0,11660.0,11660.0,6
20200211,202003     ,105915,11660.0,11660.0,11659.0,11659.0,16
20200211,202003     ,110000,11658.0,11658.0,11658.0,11658.0,12
20200211,202003     ,110119,11659.0,11659.0,11655.0,11655.0,70
20200211,202003     ,110203,11653.0,11655.0,11653.0,11655.0,4
20200211,202003     ,110336,11656.0,11657.0,11656.0,11657.0,6
20200211,202003     ,110443,11658.0,11658.0,11658.0,11658.0,6
20200211,202003     ,110527,11661.0,11661.0,11661.0,11661.0,2
20200211,202003     ,110613,11659.0,11659.0,11658.0,11658.0,8
20200211,202003     ,110701,11657.0,11658.0,11657.0,11658.0,4
20200211,202003     ,110908,11658.0,11658.0,11658.0,11658.0,6
20200211,202003     ,111024,11658.0,11661.0,11658.0,11660.0,18
20200211,202003     ,111337,11660.0,11660.0,11660.0,11660.0,4
20200211,202003     ,111501,11660.0,11660.0,11660.0,11660.0,10
20200211,202003     ,111605,11661.0,11661.0,11657.0,11657.0,10
20200211,202003     ,111703,11657.0,11657.0,11652.0,11652.0,14
20200211,202003     ,111800,11650.0,11650.0,11646.0,11649.0,22
20200211,202003     ,111922,11648.0,11649.0,11647.0,11649.0,8
20200211,202003     ,112051,11652.0,11653.0,11652.0,11653.0,6
20200211,202003     ,112104,11650.0,11650.0,11650.0,11650.0,4
20200211,202003     ,112207,11650.0,11650.0,11650.0,11650.0,2
20200211,202003     ,112341,11654.0,11655.0,11654.0,11655.0,12
20200211,202003     ,112512,11655.0,11655.0,11655.0,11655.0,2
20200211,202003     ,112835,11657.0,11657.0,11654.0,11654.0,22
20200211,202003     ,113115,11649.0,11649.0,11649.0,11649.0,2
20200211,202003     ,113220,11650.0,11650.0,11649.0,11649.0,4
20200211,202003     ,113355,11649.0,11651.0,11649.0,11651.0,4
20200211,202003     ,113454,11650.0,11650.0,11650.0,11650.0,2
20200211,202003     ,113528,11650.0,11650.0,11650.0,11650.0,2
20200211,202003     ,113702,11650.0,11650.0,11650.0,11650.0,4
20200211,202003     ,113814,11651.0,11651.0,11651.0,11651.0,2
20200211,202003     ,113915,11651.0,11651.0,11651.0,11651.0,2
20200211,202003     ,114004,11647.0,11647.0,11645.0,11645.0,12
20200211,202003     ,114349,11645.0,11648.0,11645.0,11648.0,6
20200211,202003     ,114457,11651.0,11651.0,11651.0,11651.0,2
20200211,202003     ,114515,11652.0,11652.0,11652.0,11652.0,2
20200211,202003     ,114729,11652.0,11652.0,11652.0,11652.0,2
20200211,202003     ,115224,11652.0,11652.0,11652.0,11652.0,2
20200211,202003     ,115343,11651.0,11655.0,11651.0,11655.0,14
20200211,202003     ,115648,11655.0,11655.0,11655.0,11655.0,2
20200211,202003     ,115822,11653.0,11653.0,11653.0,11653.0,2
20200211,202003     ,115907,11654.0,11655.0,11654.0,11655.0,6
20200211,202003     ,120248,11657.0,11658.0,11657.0,11658.0,10
20200211,202003     ,120321,11658.0,11658.0,11658.0,11658.0,2
20200211,202003     ,120425,11660.0,11662.0,11658.0,11658.0,14
20200211,202003     ,121138,11658.0,11658.0,11658.0,11658.0,2
20200211,202003     ,121200,11653.0,11653.0,11651.0,11651.0,8
20200211,202003     ,121318,11650.0,11650.0,11648.0,11648.0,24
20200211,202003     ,121402,11650.0,11651.0,11650.0,11651.0,6
20200211,202003     ,121510,11651.0,11651.0,11651.0,11651.0,2
20200211,202003     ,121605,11650.0,11651.0,11649.0,11649.0,16
20200211,202003     ,121748,11649.0,11650.0,11648.0,11650.0,6
20200211,202003     ,121835,11650.0,11650.0,11650.0,11650.0,4
20200211,202003     ,121904,11648.0,11648.0,11648.0,11648.0,6
20200211,202003     ,122022,11648.0,11648.0,11648.0,11648.0,8
20200211,202003     ,122128,11647.0,11647.0,11644.0,11647.0,10
20200211,202003     ,122213,11645.0,11645.0,11645.0,11645.0,6
20200211,202003     ,122312,11644.0,11644.0,11644.0,11644.0,2
20200211,202003     ,122407,11647.0,11647.0,11647.0,11647.0,2
20200211,202003     ,122509,11647.0,11647.0,11647.0,11647.0,8
20200211,202003     ,122617,11646.0,11646.0,11645.0,11645.0,4
20200211,202003     ,122743,11645.0,11645.0,11642.0,11642.0,14
20200211,202003     ,122848,11644.0,11644.0,11643.0,11643.0,6
20200211,202003     ,122912,11644.0,11644.0,11644.0,11644.0,4
20200211,202003     ,123001,11645.0,11645.0,11643.0,11643.0,10
20200211,202003     ,123249,11642.0,11642.0,11642.0,11642.0,6
20200211,202003     ,123326,11643.0,11643.0,11643.0,11643.0,8
20200211,202003     ,123411,11643.0,11643.0,11642.0,11642.0,6
20200211,202003     ,123501,11641.0,11641.0,11635.0,11637.0,92
20200211,202003     ,123644,11636.0,11636.0,11635.0,11635.0,20
20200211,202003     ,123710,11636.0,11636.0,11636.0,11636.0,2
20200211,202003     ,123801,11634.0,11637.0,11634.0,11637.0,12
20200211,202003     ,124046,11636.0,11637.0,11636.0,11637.0,4
20200211,202003     ,124108,11638.0,11638.0,11638.0,11638.0,4
20200211,202003     ,124249,11638.0,11640.0,11638.0,11640.0,8
20200211,202003     ,124320,11641.0,11641.0,11641.0,11641.0,2
20200211,202003     ,124440,11642.0,11642.0,11641.0,11641.0,8
20200211,202003     ,124718,11640.0,11640.0,11640.0,11640.0,2
20200211,202003     ,124809,11639.0,11639.0,11639.0,11639.0,2
20200211,202003     ,124959,11644.0,11644.0,11644.0,11644.0,4
20200211,202003     ,125003,11645.0,11645.0,11645.0,11645.0,2
20200211,202003     ,125120,11645.0,11645.0,11645.0,11645.0,4
20200211,202003     ,125222,11643.0,11643.0,11643.0,11643.0,2
20200211,202003     ,125302,11646.0,11647.0,11646.0,11647.0,6
20200211,202003     ,125502,11649.0,11650.0,11647.0,11647.0,12
20200211,202003     ,125813,11647.0,11647.0,11643.0,11643.0,10
20200211,202003     ,125904,11647.0,11647.0,11644.0,11644.0,16
20200211,202003     ,130026,11645.0,11645.0,11645.0,11645.0,2
20200211,202003     ,130147,11645.0,11645.0,11643.0,11643.0,4
20200211,202003     ,130250,11645.0,11645.0,11645.0,11645.0,2
20200211,202003     ,130311,11648.0,11648.0,11648.0,11648.0,4
20200211,202003     ,130448,11647.0,11647.0,11646.0,11646.0,6
20200211,202003     ,130619,11646.0,11646.0,11646.0,11646.0,2
20200211,202003     ,131000,11645.0,11645.0,11645.0,11645.0,2
20200211,202003     ,131120,11648.0,11648.0,11648.0,11648.0,4
20200211,202003     ,131233,11648.0,11648.0,11647.0,11647.0,4
20200211,202003     ,131333,11650.0,11650.0,11650.0,11650.0,4
20200211,202003     ,131505,11649.0,11650.0,11648.0,11649.0,8
20200211,202003     ,131849,11650.0,11651.0,11649.0,11649.0,44
20200211,202003     ,131922,11650.0,11650.0,11650.0,11650.0,2
20200211,202003     ,132011,11650.0,11650.0,11650.0,11650.0,8
20200211,202003     ,132128,11654.0,11655.0,11653.0,11653.0,14
20200211,202003     ,132228,11654.0,11655.0,11653.0,11653.0,8
20200211,202003     ,132300,11652.0,11652.0,11652.0,11652.0,4
20200211,202003     ,132402,11652.0,11654.0,11652.0,11652.0,10
20200211,202003     ,132511,11654.0,11654.0,11649.0,11651.0,26
20200211,202003     ,132617,11652.0,11652.0,11646.0,11646.0,6
20200211,202003     ,132714,11645.0,11645.0,11645.0,11645.0,4
20200211,202003     ,132819,11644.0,11644.0,11644.0,11644.0,16
20200211,202003     ,132903,11649.0,11649.0,11644.0,11644.0,12
20200211,202003     ,133012,11644.0,11645.0,11641.0,11641.0,26
20200211,202003     ,133127,11642.0,11642.0,11638.0,11640.0,8
20200211,202003     ,133251,11640.0,11640.0,11640.0,11640.0,4
20200211,202003     ,133311,11639.0,11639.0,11638.0,11638.0,4
20200211,202003     ,133409,11638.0,11640.0,11638.0,11640.0,4
20200211,202003     ,133501,11640.0,11640.0,11640.0,11640.0,4
20200211,202003     ,133611,11640.0,11640.0,11640.0,11640.0,4
20200211,202003     ,133706,11640.0,11641.0,11640.0,11641.0,6
20200211,202003     ,133841,11640.0,11640.0,11640.0,11640.0,8
20200211,202003     ,133948,11642.0,11642.0,11642.0,11642.0,2
20200211,202003     ,134020,11640.0,11640.0,11640.0,11640.0,2
20200211,202003     ,134101,11641.0,11643.0,11641.0,11643.0,4
20200211,202003     ,134219,11643.0,11644.0,11642.0,11642.0,24
20200211,202003     ,134401,11644.0,11644.0,11642.0,11644.0,12
20200211,202004     ,84500,11643.0,11645.0,11642.0,11645.0,16
20200211,202004     ,84641,11574.0,11590.0,11574.0,11590.0,12
20200211,202004     ,84942,11595.0,11600.0,11595.0,11600.0,12
20200211,202004     ,85010,11591.0,11591.0,11591.0,11591.0,4
20200211,202004     ,85253,11590.0,11590.0,11590.0,11590.0,6
20200211,202004     ,85508,11589.0,11589.0,11588.0,11588.0,4
20200211,202004     ,85638,11584.0,11584.0,11583.0,11583.0,4
20200211,202004     ,85751,11586.0,11586.0,11586.0,11586.0,2
20200211,202004     ,85829,11586.0,11586.0,11586.0,11586.0,2
20200211,202004     ,85921,11586.0,11586.0,11585.0,11585.0,6
20200211,202004     ,90004,11581.0,11581.0,11581.0,11581.0,2
20200211,202004     ,90105,11578.0,11578.0,11578.0,11578.0,2
20200211,202004     ,90325,11577.0,11577.0,11576.0,11576.0,4
20200211,202004     ,90602,11588.0,11589.0,11588.0,11589.0,4
20200211,202004     ,90803,11580.0,11580.0,11570.0,11570.0,8
20200211,202004     ,90901,11566.0,11573.0,11566.0,11573.0,4
20200211,202004     ,91001,11577.0,11577.0,11577.0,11577.0,2
20200211,202004     ,91319,11580.0,11580.0,11580.0,11580.0,4
20200211,202004     ,91428,11575.0,11575.0,11575.0,11575.0,2
20200211,202004     ,91534,11580.0,11580.0,11580.0,11580.0,2
20200211,202004     ,91603,11583.0,11583.0,11583.0,11583.0,2
20200211,202004     ,91803,11592.0,11598.0,11592.0,11598.0,6
20200211,202004     ,91911,11598.0,11608.0,11598.0,11608.0,8
20200211,202004     ,92040,11610.0,11610.0,11608.0,11608.0,4
20200211,202004     ,92138,11611.0,11611.0,11611.0,11611.0,2
20200211,202004     ,92254,11602.0,11602.0,11602.0,11602.0,4
20200211,202004     ,92332,11599.0,11599.0,11599.0,11599.0,2
20200211,202004     ,92507,11597.0,11597.0,11597.0,11597.0,6
20200211,202004     ,92745,11595.0,11595.0,11595.0,11595.0,2
20200211,202004     ,93004,11590.0,11590.0,11585.0,11585.0,8
20200211,202004     ,93115,11585.0,11585.0,11584.0,11584.0,4
20200211,202004     ,93200,11595.0,11595.0,11595.0,11595.0,2
20200211,202004     ,93700,11595.0,11595.0,11595.0,11595.0,2
20200211,202004     ,93928,11585.0,11585.0,11585.0,11585.0,2
20200211,202004     ,94012,11595.0,11595.0,11595.0,11595.0,2
20200211,202004     ,94146,11600.0,11601.0,11600.0,11601.0,8
20200211,202004     ,94302,11604.0,11604.0,11604.0,11604.0,2
20200211,202004     ,94413,11601.0,11601.0,11601.0,11601.0,2
20200211,202004     ,94532,11598.0,11601.0,11598.0,11601.0,4
20200211,202004     ,94623,11610.0,11611.0,11610.0,11611.0,4
20200211,202004     ,94839,11612.0,11612.0,11605.0,11605.0,4
20200211,202004     ,95014,11612.0,11620.0,11612.0,11620.0,12
20200211,202004     ,100143,11599.0,11599.0,11599.0,11599.0,2
20200211,202004     ,100349,11614.0,11614.0,11614.0,11614.0,2
20200211,202004     ,100459,11612.0,11612.0,11612.0,11612.0,2
20200211,202004     ,100515,11614.0,11614.0,11614.0,11614.0,2
20200211,202004     ,100933,11617.0,11617.0,11617.0,11617.0,2
20200211,202004     ,101017,11614.0,11614.0,11614.0,11614.0,2
20200211,202004     ,101210,11613.0,11614.0,11613.0,11614.0,4
20200211,202004     ,101329,11615.0,11615.0,11615.0,11615.0,2
20200211,202004     ,101723,11612.0,11612.0,11612.0,11612.0,2
20200211,202004     ,102025,11617.0,11617.0,11616.0,11616.0,4
20200211,202004     ,102215,11623.0,11623.0,11623.0,11623.0,12
20200211,202004     ,102311,11618.0,11618.0,11618.0,11618.0,2
20200211,202004     ,102659,11617.0,11620.0,11617.0,11620.0,4
20200211,202004     ,102759,11612.0,11612.0,11612.0,11612.0,2
20200211,202004     ,102901,11610.0,11610.0,11610.0,11610.0,2
20200211,202004     ,103053,11610.0,11612.0,11610.0,11612.0,14
20200211,202004     ,103106,11613.0,11613.0,11613.0,11613.0,6
20200211,202004     ,103304,11614.0,11614.0,11614.0,11614.0,6
20200211,202004     ,103618,11617.0,11618.0,11617.0,11618.0,8
20200211,202004     ,103819,11620.0,11620.0,11620.0,11620.0,2
20200211,202004     ,104102,11621.0,11622.0,11621.0,11622.0,4
20200211,202004     ,104201,11625.0,11630.0,11625.0,11630.0,8
20200211,202004     ,104349,11631.0,11631.0,11631.0,11631.0,4
20200211,202004     ,104551,11633.0,11633.0,11633.0,11633.0,2
20200211,202004     ,104601,11629.0,11630.0,11629.0,11630.0,8
20200211,202004     ,104729,11630.0,11632.0,11630.0,11632.0,6
20200211,202004     ,105009,11630.0,11630.0,11630.0,11630.0,2
20200211,202004     ,105100,11628.0,11629.0,11628.0,11629.0,10
20200211,202004     ,105516,11631.0,11631.0,11631.0,11631.0,2
20200211,202004     ,105635,11624.0,11627.0,11624.0,11627.0,4
20200211,202004     ,110114,11628.0,11628.0,11628.0,11628.0,6
20200211,202004     ,110203,11621.0,11623.0,11621.0,11623.0,8
20200211,202004     ,110558,11624.0,11625.0,11624.0,11625.0,10
20200211,202004     ,110614,11625.0,11625.0,11625.0,11625.0,2
20200211,202004     ,110908,11626.0,11626.0,11626.0,11626.0,6
20200211,202004     ,111935,11626.0,11629.0,11626.0,11629.0,20
20200211,202004     ,113357,11621.0,11622.0,11621.0,11622.0,4
20200211,202004     ,113924,11620.0,11620.0,11620.0,11620.0,2
20200211,202004     ,114249,11615.0,11615.0,11614.0,11614.0,4
20200211,202004     ,114551,11618.0,11618.0,11618.0,11618.0,2
20200211,202004     ,115519,11622.0,11622.0,11622.0,11622.0,2
20200211,202004     ,115903,11624.0,11624.0,11624.0,11624.0,2
20200211,202004     ,122022,11624.0,11624.0,11624.0,11624.0,4
20200211,202004     ,122617,11615.0,11615.0,11615.0,11615.0,2
20200211,202004     ,123049,11613.0,11613.0,11613.0,11613.0,2
20200211,202004     ,123142,11610.0,11610.0,11610.0,11610.0,6
20200211,202004     ,123814,11610.0,11610.0,11610.0,11610.0,2
20200211,202004     ,124633,11605.0,11605.0,11602.0,11602.0,4
20200211,202004     ,125807,11607.0,11607.0,11607.0,11607.0,12
20200211,202004     ,130230,11614.0,11614.0,11614.0,11614.0,2
20200211,202004     ,130501,11615.0,11615.0,11615.0,11615.0,2
20200211,202004     ,130605,11615.0,11615.0,11615.0,11615.0,2
20200211,202004     ,132014,11614.0,11614.0,11614.0,11614.0,2
20200211,202004     ,132558,11622.0,11623.0,11622.0,11623.0,4
20200211,202006     ,84503,11615.0,11615.0,11615.0,11615.0,2
20200211,202006     ,84805,11550.0,11550.0,11550.0,11550.0,2
20200211,202006     ,85321,11568.0,11568.0,11568.0,11568.0,2
20200211,202006     ,85507,11555.0,11556.0,11555.0,11556.0,4
20200211,202006     ,85653,11553.0,11553.0,11553.0,11553.0,2
20200211,202006     ,90332,11555.0,11555.0,11555.0,11555.0,2
20200211,202006     ,90401,11560.0,11560.0,11557.0,11557.0,4
20200211,202006     ,90505,11553.0,11553.0,11553.0,11553.0,4
20200211,202006     ,90835,11557.0,11557.0,11557.0,11557.0,2
20200211,202006     ,91010,11537.0,11537.0,11537.0,11537.0,2
20200211,202006     ,91417,11548.0,11548.0,11547.0,11547.0,4
20200211,202006     ,91731,11547.0,11550.0,11547.0,11550.0,4
20200211,202006     ,91808,11560.0,11560.0,11560.0,11560.0,2
20200211,202006     ,91916,11566.0,11577.0,11566.0,11577.0,16
20200211,202006     ,92138,11580.0,11580.0,11580.0,11580.0,2
20200211,202006     ,92209,11570.0,11570.0,11570.0,11570.0,2
20200211,202006     ,94018,11574.0,11574.0,11574.0,11574.0,2
20200211,202006     ,94146,11570.0,11570.0,11570.0,11570.0,2
20200211,202006     ,94533,11572.0,11572.0,11572.0,11572.0,2
20200211,202006     ,94839,11580.0,11580.0,11580.0,11580.0,6
20200211,202006     ,100500,11580.0,11588.0,11580.0,11588.0,6
20200211,202006     ,102023,11583.0,11583.0,11583.0,11583.0,4
20200211,202006     ,102924,11588.0,11590.0,11588.0,11590.0,4
20200211,202006     ,103107,11580.0,11580.0,11580.0,11580.0,2
20200211,202006     ,103203,11581.0,11581.0,11581.0,11581.0,38
20200211,202006     ,103617,11581.0,11581.0,11581.0,11581.0,2
20200211,202006     ,103802,11588.0,11588.0,11588.0,11588.0,2
20200211,202006     ,104046,11590.0,11590.0,11590.0,11590.0,2
20200211,202006     ,104132,11592.0,11592.0,11592.0,11592.0,2
20200211,202006     ,104340,11595.0,11595.0,11595.0,11595.0,2
20200211,202006     ,105510,11600.0,11600.0,11600.0,11600.0,6
20200211,202006     ,110311,11590.0,11590.0,11590.0,11590.0,4
20200211,202006     ,111551,11593.0,11593.0,11593.0,11593.0,4
20200211,202006     ,112904,11595.0,11595.0,11595.0,11595.0,4
20200211,202006     ,113132,11587.0,11587.0,11587.0,11587.0,2
20200211,202006     ,113445,11587.0,11587.0,11587.0,11587.0,2
20200211,202006     ,115910,11589.0,11589.0,11589.0,11589.0,2
20200211,202006     ,122617,11593.0,11593.0,11593.0,11593.0,2
20200211,202006     ,123701,11580.0,11580.0,11580.0,11580.0,2
20200211,202006     ,125819,11570.0,11570.0,11570.0,11570.0,2
20200211,202006     ,131305,11580.0,11580.0,11580.0,11580.0,2
20200211,202006     ,131734,11587.0,11587.0,11587.0,11587.0,6
20200211,202006     ,132258,11587.0,11588.0,11587.0,11588.0,10
20200211,202006     ,132920,11588.0,11588.0,11588.0,11588.0,2
20200211,202006     ,133516,11580.0,11580.0,11580.0,11580.0,2
20200211,202006     ,134052,11574.0,11574.0,11574.0,11574.0,2
20200211,202009     ,85600,11580.0,11580.0,11580.0,11580.0,2
20200211,202009     ,90332,11190.0,11190.0,11190.0,11190.0,2
20200211,202009     ,90612,11200.0,11200.0,11200.0,11200.0,2
20200211,202009     ,90708,11185.0,11185.0,11185.0,11185.0,2
20200211,202009     ,90835,11180.0,11181.0,11180.0,11181.0,4
20200211,202009     ,91417,11177.0,11177.0,11177.0,11177.0,2
20200211,202009     ,91602,11187.0,11187.0,11187.0,11187.0,2
20200211,202009     ,91731,11200.0,11200.0,11200.0,11200.0,2
20200211,202009     ,91810,11200.0,11200.0,11200.0,11200.0,2
20200211,202009     ,91900,11211.0,11211.0,11211.0,11211.0,2
20200211,202009     ,92727,11218.0,11218.0,11218.0,11218.0,14
20200211,202009     ,94018,11201.0,11201.0,11201.0,11201.0,2
20200211,202009     ,94533,11210.0,11210.0,11210.0,11210.0,2
20200211,202009     ,94614,11220.0,11220.0,11220.0,11220.0,2
20200211,202009     ,103154,11221.0,11221.0,11221.0,11221.0,16
20200211,202009     ,103203,11221.0,11221.0,11221.0,11221.0,2
20200211,202009     ,103359,11221.0,11221.0,11221.0,11221.0,2
20200211,202009     ,103549,11225.0,11225.0,11225.0,11225.0,2
20200211,202009     ,103802,11228.0,11228.0,11228.0,11228.0,2
20200211,202009     ,104803,11231.0,11231.0,11231.0,11231.0,2
20200211,202009     ,105153,11237.0,11237.0,11237.0,11237.0,2
20200211,202009     ,113445,11236.0,11236.0,11236.0,11236.0,6
20200211,202009     ,120325,11229.0,11229.0,11229.0,11229.0,2
20200211,202009     ,120433,11236.0,11236.0,11236.0,11236.0,2
20200211,202009     ,122617,11233.0,11233.0,11233.0,11233.0,2
20200211,202009     ,125819,11220.0,11220.0,11220.0,11220.0,4
20200211,202009     ,131305,11220.0,11220.0,11220.0,11220.0,2
20200211,202012     ,84500,11227.0,11228.0,11227.0,11228.0,6
20200211,202012     ,84654,11124.0,11139.0,11124.0,11139.0,8
20200211,202012     ,85030,11149.0,11149.0,11149.0,11149.0,2
20200211,202012     ,85533,11135.0,11135.0,11135.0,11135.0,2
20200211,202012     ,85633,11128.0,11128.0,11128.0,11128.0,2
20200211,202012     ,90332,11135.0,11135.0,11135.0,11135.0,2
20200211,202012     ,91602,11140.0,11140.0,11140.0,11140.0,2
20200211,202012     ,91826,11139.0,11144.0,11139.0,11144.0,6
20200211,202012     ,91900,11156.0,11156.0,11156.0,11156.0,2
20200211,202012     ,92158,11159.0,11159.0,11159.0,11159.0,2
20200211,202012     ,92316,11152.0,11152.0,11152.0,11152.0,2
20200211,202012     ,92545,11143.0,11143.0,11143.0,11143.0,2
20200211,202012     ,92748,11143.0,11143.0,11143.0,11143.0,2
20200211,202012     ,94031,11135.0,11135.0,11135.0,11135.0,4
20200211,202012     ,94843,11154.0,11154.0,11154.0,11154.0,2
20200211,202012     ,100957,11168.0,11169.0,11168.0,11169.0,4
20200211,202012     ,102024,11163.0,11163.0,11163.0,11163.0,4
20200211,202012     ,104701,11171.0,11171.0,11171.0,11171.0,2
20200211,202012     ,105457,11180.0,11180.0,11180.0,11180.0,2
20200211,202012     ,110722,11175.0,11175.0,11175.0,11175.0,6
20200211,202012     ,111043,11175.0,11175.0,11175.0,11175.0,2
20200211,202012     ,111556,11178.0,11178.0,11178.0,11178.0,4
20200211,202012     ,112317,11178.0,11178.0,11178.0,11178.0,2
20200211,202012     ,114002,11177.0,11177.0,11177.0,11177.0,4
20200211,202012     ,114720,11167.0,11167.0,11167.0,11167.0,2
20200211,202012     ,115243,11170.0,11170.0,11170.0,11170.0,2
20200211,202012     ,125302,11172.0,11172.0,11172.0,11172.0,2
20200211,202012     ,133000,11166.0,11166.0,11166.0,11166.0,2
